step,score,entropy,response_clip_ratio,prompt_length_mean,train_step_seconds,update_actor_seconds,tokens,runners
1,-0.0991406,,0.00182292,1429.35,493.867,404.275,11201075,16
2,-0.1,,0.000130208,1486.12,524.715,431.502,11663688,16
3,-0.0985677,,0.00351562,1510.06,537.791,440.67,11844991,16
4,-0.0879688,,0.00351562,1480,530.147,431.009,11601672,16
5,-0.0985677,,0.00364583,1416.04,501.47,405.298,11082473,16
6,-0.098138,,0.000130208,1346.02,479.034,383.028,10505904,16
7,-0.0954167,,0.00572917,1639.65,594.077,484.415,12889586,16
8,-0.0955599,,0.0126302,1615.41,590.249,474.835,12707326,16
9,-0.0478646,,0.000130208,1404.54,500.442,403.653,10996418,16
10,-0.0733594,,0.000520833,1472.46,527.836,426.668,11550843,16
11,-0.089974,,0.00169271,1446.07,515.88,419.93,11330705,32
12,-0.0823828,,0.00351562,1418.14,505.762,408.759,11086157,32
13,-0.0395573,,0.00182292,1466.67,531.035,429.084,11513933,32
14,-0.0833854,,0.0127604,1554.72,562.08,458.069,12207260,32
15,-0.0452865,,0.000130208,1417.77,506.643,408.159,11089280,32
16,-0.0488672,,0.00195312,1478.67,541.472,438.169,11623743,32
17,-0.0558854,,0.00364583,1481.27,539.079,437.524,11628246,32
18,-0.0809505,,0.00729167,1496.53,536.212,431.945,11729524,32
19,-0.0756511,,0.00364583,1487.83,550.829,440.235,11661688,32
20,-0.0631901,,0.00729167,1397.5,516.005,413.362,10936289,32
21,-0.0786589,,0.000260417,1343.6,483.265,383.692,10475133,32
22,-0.0696354,,0.00364583,1376.34,501.752,402.044,10734704,32
23,-0.0465755,,0.000130208,1399.42,515.574,408.921,10959242,32
24,-0.0709245,,0.000911458,1333.61,483.771,383.756,10413231,32
25,-0.0756511,,0.000130208,1374.9,500.016,396.949,10741347,32
26,-0.0348307,,0.00364583,1374.85,510.307,405.319,10754888,32
27,-0.0348307,,0.000130208,1334.47,492.591,387.038,10425084,32
28,-0.0666276,,0.00195312,1412.42,515.482,408.849,11037524,32
29,-0.0301042,,0.000130208,1337.46,490.154,382.808,10451737,32
30,-0.0835287,,0.000130208,1369.27,501.619,395.248,10703864,32
31,-0.0550261,,0.00182292,1355.6,504.171,399.07,10608565,32
32,-0.079375,,0.000130208,1330.61,487.149,382.189,10380193,32
33,-0.00346355,,0.000130208,1355.83,499.766,392.164,10625719,32
34,-0.0114844,,0.000130208,1374.22,504.882,396.819,10765866,32
35,-0.0249479,,0.000130208,1370.24,505.527,395.076,10722352,32
36,-0.0498698,,0.000130208,1395.09,514.166,400.121,10910278,32
37,0.00226562,,0.000130208,1405.03,518.163,407.509,11014092,32
38,-0.0640495,,0.000130208,1448.02,538.128,422.434,11367979,32
39,-0.0434245,,0.000130208,1359.26,503.657,390.323,10632886,32
40,0.00183593,,0.000130208,1389.09,516.947,403.606,10892435,32
41,0.0778906,,0.000130208,1339.72,510.401,389.358,10505806,32
42,0.0638542,,0.000130208,1373.08,514.958,398.627,10782711,32
43,0.030625,,0.000130208,1369.33,513.163,399.09,10736198,32
44,-0.0478646,,0.000130208,1434.96,538.826,416.796,11261789,32
45,0.0220312,,0.000130208,1393.88,525.977,404.761,10933661,32
46,0.00985676,,0.000130208,1438.49,542.628,423.288,11308873,32
47,0.0483854,,0.000130208,1397.32,528.977,404.659,10977400,32
48,0.0711589,,0.000130208,1385.38,526.2,404.873,10877222,32
49,0.0439453,,0.000130208,1384.96,525.376,396.711,10894309,32
50,0.0588412,,0.000130208,1416.81,533.374,415.591,11148814,32
51,0.0264713,,0.000130208,1478.48,566.303,437.178,11656958,32
52,0.105964,,0.000130208,1419.96,541.404,415.781,11185992,32
53,0.0247526,,0.000130208,1387.86,525.387,401.632,10902712,32
54,-0.0179297,,0.000130208,1483.06,563.755,435.123,11676458,32
55,0.196771,,0.000130208,1357.49,524.696,400.253,10712406,32
56,0.113698,,0.000130208,1389.06,534.299,406.27,10932137,32
57,0.117565,,0.000130208,1350.86,514.134,392.301,10601300,32
58,0.174857,,0.000130208,1338.28,505.78,385.533,10529433,32
59,0.075599,,0.000130208,1428.47,554.16,420.367,11261380,32
60,0.0839063,,0.000130208,1436.71,553.773,418.778,11324666,32
61,0.0904948,,0.000130208,1462.5,564.532,429.16,11518545,32
62,0.0877734,,0.000390625,1428.31,547.521,417.57,11245056,32
63,0.00140624,,0.000130208,1466.26,567.536,430.733,11558580,32
64,0.0607031,,0.000130208,1455.39,554.612,426.116,11465199,32
65,0.158529,,0.000130208,1504.96,587.74,446.576,11928029,32
66,0.210807,,0.000130208,1440.95,545.105,412.073,11397642,32
67,0.210234,,0.000260417,1421.52,559.349,415.257,11225471,32
68,0.103099,,0.000130208,1522.2,590.259,446.339,12086464,32
69,0.193763,,0.000130208,1486.51,585.83,442.117,11790549,32
70,0.190755,,0.000130208,1501.47,584.892,445.236,11882591,32
71,0.219115,,0.000520833,1454.55,567.643,430.979,11512682,32
72,0.213958,,0.00104167,1559.77,618.722,465.945,12385830,32
73,0.341289,,0.000911458,1451.37,613.602,439.947,11551290,32
74,0.232005,,0.00078125,1508.5,600.539,451.104,12008386,32
75,0.173568,,0.00104167,1555.17,623.302,465.478,12342233,32
76,0.231003,,0.000130208,1615.96,641.409,484.378,12901864,32
77,0.151654,,0.000130208,1711.83,686.495,515.892,13661204,32
78,0.291302,,0.000130208,1579.93,636.329,473.34,12564789,32
79,0.245326,,0.000130208,1645.03,647.931,488.957,13128858,32
80,0.269531,,0.000130208,1662.51,685.476,505.76,13309136,32
81,0.24375,,0.000130208,1706.7,699.664,524.428,13684119,32
82,0.226563,,0.000651042,1689.06,708.689,517.643,13535778,32
83,0.407031,,0.000130208,1491.96,626.669,452.417,11907656,32
84,0.453008,,0.000520833,1509.82,613.843,448.215,12071850,32
85,0.395286,,0.00078125,1500.32,632.981,457.765,11993444,32
86,0.303477,,0.00260417,1640.42,696.094,500.517,13151896,32
87,0.45487,,0.000911458,1517.59,631.347,461.672,12149782,32
88,0.343724,,0.00755208,1802.99,779.002,558.717,14594358,32
89,0.281276,,0.00716146,1709.32,733.243,527.822,13785787,32
90,0.450143,,0.00820312,1602.73,700.404,499.085,12908897,32
91,0.451003,,0.0121094,1624.8,624.683,504.386,13078782,48
92,0.291732,,0.0175781,1758.1,678.876,547.357,14248525,48
93,0.413047,,0.0121094,1549.86,595.049,466.681,12497672,48
94,0.425508,,0.0346354,1762.29,690.266,557.49,14276244,48
95,0.43181,,0.0309896,1785.8,717.676,570.449,14496109,48
96,0.39901,,0.0286458,1739.73,691.06,546.931,14078594,48
97,0.407031,,0.0391927,1751.94,689.5,556.596,14215609,48
98,0.383971,,0.043099,1854.32,717.011,575.467,15051571,48
99,0.241029,,0.0760417,2141.82,843.169,684.358,17448604,48
100,0.370508,,0.0731771,2042.4,831.192,655.289,16601941,48
101,0.458594,,0.0865885,2029.75,799.194,646.442,16475406,72
102,0.323672,,0.102214,2255.78,896.409,729.78,18340263,72
103,0.468906,,0.0839844,1879.47,747.612,604.749,15279215,72
104,0.445703,,0.08125,1974.95,772.402,620.376,16039048,72
105,0.4278,,0.1125,2115.73,845.013,681.367,17195110,72
106,0.27655,,0.139583,2530.55,1035.35,821.146,20588592,72
107,0.451146,,0.103516,2053.87,834.365,663.349,16680977,72
108,0.365065,,0.107813,2219.04,879.889,713.457,18018208,72
109,0.525052,,0.10026,2103.48,849.625,675.718,17007382,72
110,0.408177,,0.13151,2297.5,916.61,736.156,18647777,72
111,0.498268,,0.0841146,1781.96,716.481,564.495,14466109,72
112,0.490391,,0.0755208,1717.68,685.59,549.058,13950488,72
113,0.366927,,0.132161,2350.19,947.145,758.864,19048453,72
114,0.445703,,0.104948,1863.53,768.827,602.42,15163110,72
115,0.540234,,0.0945313,1944.05,782.926,624.312,15721535,72
116,0.547253,,0.0610677,1636.18,646.34,512.804,13195257,72
117,0.477357,,0.0997396,1974.32,784.515,626.152,15982102,72
118,0.494401,,0.0829427,1763.3,712.364,562.235,14288029,72
119,0.506576,,0.101302,1844.11,759.296,590.282,14929139,72
120,0.357617,,0.149349,2338.13,946.335,757.713,18985671,72
121,0.444271,,0.116146,1980.75,804.596,634.897,16093073,72
122,0.474492,,0.10013,1886.6,771.16,602.673,15277341,72
123,0.444701,,0.133073,2173.2,925.065,709.231,17612620,72
124,0.531211,,0.107813,1898.69,765.149,606.134,15373622,72
125,0.653099,,0.0731771,1600.59,648.537,507.044,12908191,72
126,0.524622,,0.124349,2099.2,864.949,672.903,16957447,72
127,0.386979,,0.140625,2177.42,894.74,703.727,17689377,72
128,0.661406,,0.0597656,1459.56,588.151,454.376,11746519,72
129,0.580338,,0.110547,1973.76,805.642,629.553,15914851,72
130,0.214245,,0.195964,2537.23,1036.33,818.377,20670118,72
131,0.478646,,0.133594,2085.22,863.59,671.27,16888934,72
132,0.590365,,0.109766,1892.62,779.561,605.862,15288349,72
133,0.390703,,0.164062,2393.44,973.495,778.72,19377928,72
134,0.513737,,0.133203,2054.31,857.695,658.417,16620748,72
135,0.570169,,0.123438,1988.86,823.766,639.696,16056439,72
136,0.558138,,0.13737,2150.71,903.247,686.661,17328768,72
137,0.448424,,0.14362,2132.89,907.773,684.56,17273032,72
138,0.468047,,0.147396,2080.01,865.543,667.784,16843392,72
139,0.372656,,0.177995,2289.67,946.425,743.002,18602810,72
140,0.557422,,0.13125,2017.14,831.736,647.492,16282437,72
141,0.553125,,0.120703,1928.73,795.258,613.75,15583348,72
142,0.415195,,0.163802,2310.12,966.026,745.341,18717259,72
143,0.648086,,0.111328,1857.21,765.131,591.332,14969608,72
144,0.379961,,0.176563,2354.15,986.749,765.492,19076563,72
145,0.550117,,0.13099,1999.2,847.348,642.481,16142885,72
146,0.591224,,0.113672,1815.62,752.815,578.377,14655234,72
147,0.527917,,0.147135,2056.39,871.044,663.911,16638416,72
148,0.552982,,0.138542,2094.8,943.846,671.445,16893884,72
149,0.481797,,0.163802,2293.36,937.308,723.691,18528617,72
150,0.630755,,0.116276,1891.73,787.048,604.558,15234913,72
151,0.469622,,0.160286,2215.86,949.219,713.706,17912639,72
152,0.404596,,0.18151,2305.09,974.395,748.173,18697364,72
153,0.47349,,0.170052,2267.77,955.071,734.525,18332410,72
154,0.541523,,0.148698,2187.86,940.959,707.751,17632809,72
155,0.57332,,0.138151,2120.96,882.419,673.307,17072814,72
156,0.467617,,0.173307,2238.12,978.581,724.522,18106241,72
157,0.432813,,0.185026,2429.26,1029.22,776.906,19631095,72
158,0.631471,,0.122526,1888.97,811.429,606.971,15215471,72
159,0.208372,,0.272005,3229.19,1348.71,1049.69,26090888,72
160,0.490964,,0.173177,2347.91,1029.41,754.239,18938947,72
161,0.481224,,0.168359,2195.13,939.95,707.355,17746264,72
162,0.544245,,0.150651,2206.41,964.531,712.058,17775351,72
163,0.400872,,0.202995,2762.52,1176.46,891.107,22249405,72
164,0.501562,,0.168099,2385.5,1051.26,766.731,19213080,72
165,0.358477,,0.214974,2802.45,1190.91,897.153,22594576,72
166,0.492969,,0.170833,2373.04,1017.14,761.869,19130428,72
167,0.360195,,0.215365,2743.22,1193.88,886.994,22137561,72
168,0.520325,,0.164453,2307.33,1036.92,747.216,18575912,72
169,0.464753,,0.184766,2432.07,1074.34,785.751,19612676,72
170,0.514883,,0.169271,2282.26,993.33,728.544,18398380,72
171,0.507578,,0.175781,2394.37,1026.86,753.686,19279179,72
172,0.441693,,0.195703,2520.26,1114.26,809.441,20320864,72
173,0.427513,,0.202995,2512.3,1149.13,815.504,20288549,72
174,0.418919,,0.208594,2789.08,1216.38,898.724,22417121,72
175,0.65625,,0.122526,1960.03,873.036,591.301,15727264,72
176,0.566015,,0.155469,2184.21,994.734,696.326,17584105,72
177,0.462891,,0.191406,2529.03,1127.08,815.656,20370846,72
178,0.411901,,0.208073,2625.63,1155.04,842.602,21175691,72
179,0.373802,,0.226562,2874.15,1301.52,932.729,23149979,72
180,0.486953,,0.179167,2377.69,1061.27,755.835,19166363,72
181,0.553125,,0.155339,2281.98,1031.73,728.393,18339195,72
182,0.573034,,0.15013,2186.75,983.014,698.68,17580257,72
183,0.395716,,0.207292,2568.82,1175.23,832.066,20743226,72
184,0.352174,,0.226562,2762.52,1252.77,898.764,22301304,72
185,0.423216,,0.202734,2689.01,1216.24,853.267,21648536,72
186,0.33026,,0.233724,2856.32,1302.05,918.221,23064546,72
187,0.745911,,0.0888021,1680.11,774.231,518.137,13446645,72
188,0.435104,,0.202474,2627.59,1219.36,841.716,21165636,72
189,0.516458,,0.172786,2359.2,1111.46,757.031,18994313,72
190,0.441406,,0.20013,2529.18,1153.56,807.145,20398251,72
191,0.411328,,0.208073,2566.91,1210.48,830.129,20718522,72
192,0.393711,,0.215495,2761.81,1282.41,887.66,22244517,72
193,0.579336,,0.145964,2158.89,1025.81,695.032,17361156,72
194,0.299037,,0.244922,3098.91,1430.82,984.176,24969292,72
195,0.476354,,0.194271,2585.63,1214.87,825.145,20792493,72
196,0.510156,,0.175781,2413.51,1180.75,777.547,19413952,72
197,0.462891,,0.196875,2545.03,1222.85,824.631,20499025,72
198,0.394141,,0.22513,2992.99,1414.1,949.592,24032324,72
199,0.312357,,0.252604,3039.86,1448.31,985.188,24498612,72
200,0.377096,,0.224219,2749.84,1334.24,887.447,22167810,72
201,0.458594,,0.203385,2694.35,1310.36,864.206,21646509,72
202,0.372656,,0.23151,2821.86,1350.56,896.734,22735386,72
203,0.339284,,0.249089,3010.04,1462.6,960.191,24228254,72
204,0.264232,,0.280208,3483.68,1697.16,1104.08,27971118,72
205,0.325391,,0.257682,3298.01,1583.32,1055.43,26461657,72
206,0.192904,,0.303646,3627.51,1747.92,1149.71,29162254,72
207,0.200065,,0.314323,3937.73,1930.59,1267.12,31566193,72
208,0.262227,,0.279297,3706.07,1840.39,1192.46,29665483,72
209,0.195195,,0.301172,3827.59,1887,1237.57,30675544,72
210,0.415768,,0.220964,3138.81,1565.5,1010.3,25088225,72
211,0.384688,,0.23151,3103.43,1569.26,998.124,24866955,72
212,0.420638,,0.21862,3023.93,1492.92,942.362,24206707,72
213,0.273828,,0.263802,3496.68,1795.06,1123.4,28004624,72
214,0.372656,,0.235156,3051.78,1609.16,980.297,24485689,72
215,0.484375,,0.197786,2894.34,1524.58,923.212,23128716,72
216,0.488385,,0.198568,2676.97,1409.47,850.579,21470728,72
217,0.322526,,0.259896,3199.05,1689.65,1036.22,25709374,72
218,0.278125,,0.273177,3327.55,1806.15,1068.92,26747086,72
219,0.247904,,0.290104,3508.51,1900.32,1128.4,28193383,72
220,0.317943,,0.260807,3298.39,1831.62,1058.58,26474517,72
221,0.490964,,0.193359,2520.89,1426.23,809.463,20256831,72
222,0.393138,,0.231901,2941.82,1660.98,940.544,23629979,72
223,0.266523,,0.282552,3461.18,1972.17,1119.21,27797427,72
224,0.31207,,0.261328,3242.87,1847.95,1044.15,26048999,72
225,0.304336,,0.265365,3300.21,1879.4,1055.11,26501393,72
226,0.423789,,0.222396,2914.11,1746.18,940.786,23376659,72
227,0.282422,,0.267708,3335.96,1960.57,1069.41,26791521,72
228,0.49569,,0.19349,2739.22,1678.3,870.193,21931722,72
229,0.344154,,0.250781,3060.62,1876.52,977.039,24612924,72
230,0.415625,,0.221094,2859.7,1814.25,912.16,22960018,72
231,0.123294,,0.332422,3847.77,2439.16,1243.89,30956749,72
232,0.488815,,0.195182,2641.82,1711.9,850.064,21199247,72
233,0.398438,,0.233464,2959.58,1934.5,941.358,23770810,72
234,0.379102,,0.241406,3161.12,2077.92,1016.54,25339974,72
235,0.321953,,0.254818,3123.13,2118.86,1013.33,25115288,72
236,0.309492,,0.259115,3160.43,2219.21,1011.27,25412088,72
237,0.452435,,0.208333,2842.72,2111.94,918.098,22782398,72
238,0.398151,,0.228125,2958.8,2168.09,945.901,23746925,72
239,0.331836,,0.255599,3195.59,2346.58,1032.76,25670136,72
240,0.311354,,0.257161,3162.51,2382.66,1020.16,25428137,72
241,0.455443,,0.208854,2849.59,2242.5,908.037,22836115,72
242,0.668281,,0.126042,2034.79,1819.58,642.138,16278361,72
243,0.353034,,0.246615,3097.38,2468.54,979.756,24883067,72
244,0.281419,,0.270182,3322.52,2896.02,1080.38,26698301,72
245,0.291016,,0.273438,3313.53,2945.36,1050.89,26636160,72
246,0.608984,,0.148828,2278.72,2186.71,723.384,18239384,72
247,0.329688,,0.24987,2989.06,2809.41,945.273,24065660,72
248,0.41763,,0.216797,2838.42,2941.24,909.546,22783735,72
249,0.215677,,0.300781,3797.2,3756.57,1206.13,30446831,72
250,0.424505,,0.219141,2851.5,3232.33,905.848,22893288,72
