step,score,entropy,response_clip_ratio,prompt_length_mean,train_step_seconds,update_actor_seconds,tokens
1,-0.0991406,0.0063439,0.000130208,1425.17,696.161,591.984,11171897
2,-0.0964193,0.00672072,0.00195312,1461.23,734.151,624.476,11460703
3,-0.1,0.00661388,0.00533854,1510.85,762.759,649.379,11846300
4,-0.089974,0.00690433,0.00182292,1469.93,748.633,641.48,11523357
5,-0.1,0.00871667,0.000130208,1372.11,696.551,591.048,10728878
6,-0.0965625,0.0111213,0.000130208,1276.12,645.632,545.946,9930651
7,-0.098138,0.00792793,0.00169271,1344.55,680.387,576.627,10471224
8,-0.0948438,0.0083654,0.00169271,1371.74,701.062,591.704,10718640
9,-0.0619011,0.00885,0.00351562,1371.58,698.702,587.267,10724879
10,-0.0871094,0.00826301,0.000130208,1374.99,691.898,587.355,10746733
11,-0.0974219,0.00934595,0.000651042,1347.99,686.711,577.259,10518945
12,-0.0851042,0.0102826,0.000130208,1395.82,728.59,614.817,10926973
13,-0.0859636,0.0103567,0.000130208,1402.02,721.533,604.998,10953043
14,-0.0769401,0.0127801,0.000130208,1394.24,718.138,605.465,10914021
15,-0.0919792,0.00994091,0.00169271,1418.55,733.213,615.797,11096232
16,-0.0510156,0.0145619,0.000130208,1333.89,681.227,566.788,10408325
17,-0.0590365,0.0144308,0.000130208,1402.85,716.886,601.479,10988116
18,-0.0603255,0.0132233,0.00195312,1381.22,718.509,600.468,10789993
19,-0.0470052,0.0163919,0.000260417,1344.04,686.506,574.203,10494304
20,-0.0272396,0.0162105,0.000130208,1357.78,711.78,593.571,10625849
21,-0.0249479,0.0159601,0.00182292,1374.87,720.465,603.872,10763855
22,-0.0604688,0.0162158,0.00130208,1385.85,721.205,599.068,10846464
23,-0.0842448,0.0188951,0.000130208,1359.64,694.056,576.536,10615144
24,0.00111978,0.0214776,0.000130208,1321.26,672.631,557.796,10332455
25,-0.0275261,0.0193842,0.000520833,1329.23,680.007,559.464,10392929
26,-0.0491537,0.0228563,0.00104167,1401.94,727.519,601.025,10977591
27,-0.0122005,0.0255421,0.000130208,1381.22,710.285,587.883,10804181
28,-0.0298177,0.0283636,0.000390625,1319.76,684.275,562.943,10327520
29,-0.00704428,0.0321512,0.000130208,1406.82,733.912,610.104,11030608
30,-0.0640495,0.0304057,0.000130208,1404.18,720.055,595.802,10991560
31,0.0509635,0.0383051,0.000130208,1368.45,707.961,585.396,10731718
32,0.0151562,0.0359801,0.000130208,1343.2,702.308,581.349,10514501
33,-0.00976563,0.0407835,0.000130208,1412.16,730.876,602.839,11068995
34,-0.03125,0.0484906,0.000390625,1379.13,722.39,596.755,10813858
35,-0.0302474,0.0511088,0.000130208,1374.02,721.703,595.237,10770305
36,-0.0553125,0.0498033,0.000130208,1413.45,739.642,608.164,11086220
37,-0.0144922,0.0595194,0.000130208,1435.14,737.84,609.413,11285703
38,-0.063763,0.0595098,0.000260417,1441.46,750.424,616.215,11304710
39,0.0310547,0.0652361,0.000130208,1351.66,712.042,586.243,10610658
40,0.0952214,0.0720226,0.000130208,1473.4,782.143,642.566,11622387
41,0.011862,0.0789844,0.000130208,1515.78,795.31,656.245,11946567
42,0.0853386,0.0804205,0.000130208,1504.02,784.403,645.474,11872715
43,0.054401,0.0821227,0.000130208,1507.07,790.545,651.229,11909112
44,0.0468099,0.0819784,0.000130208,1553.58,812.912,667.98,12270746
45,0.0879167,0.0910041,0.000130208,1519.99,803.512,654.374,12033698
46,0.0854818,0.0857345,0.000260417,1506.06,782.88,643.155,11919078
47,0.0478125,0.0962064,0.000130208,1567.4,825.783,673.632,12421806
48,0.0841927,0.0946561,0.000130208,1579.28,839.974,687.577,12530179
49,0.0684375,0.0992912,0.000130208,1620.25,870.193,710.09,12853333
50,0.125729,0.104088,0.000130208,1635.89,855.666,708.802,12991618
51,0.134753,0.102611,0.000130208,1611.01,862.49,707.7,12804342
52,0.167982,0.0988995,0.000130208,1561.25,842.75,685.517,12402531
53,0.14306,0.10211,0.000130208,1556.77,844.925,685.595,12387169
54,0.169844,0.0990096,0.000130208,1561.2,836.927,680.129,12417937
55,0.15638,0.111474,0.000130208,1617.37,871.434,713.034,12895619
56,0.155664,0.110144,0.000651042,1636.39,891.157,728.178,13085398
57,0.155664,0.108287,0.000130208,1653.53,859.699,708.934,13204575
58,0.153372,0.109616,0.000130208,1654.94,898.122,730.974,13250228
59,0.233008,0.106213,0.00078125,1614.37,888.886,723.484,12932742
60,0.285573,0.10176,0.00286458,1604.38,859.729,701.759,12849633
61,0.268529,0.10516,0.00130208,1560.64,848.099,698.983,12517301
62,0.153516,0.106426,0.00390625,1668.12,918.99,745.772,13410418
63,0.35332,0.104702,0.00690104,1687.28,898.601,738.816,13569116
64,0.14707,0.111137,0.00507812,1741.67,950.611,780.838,14025791
65,0.112839,0.120169,0.015625,1867.49,1023.85,846.567,15132610
66,0.132031,0.114719,0.0166667,1851.69,984.834,809.169,14960832
67,0.279701,0.109882,0.031901,1801.21,1008.24,825.392,14628550
68,0.261367,0.114,0.0424479,1889.76,1038.92,852.471,15377461
69,0.187461,0.120237,0.0434896,2012.97,1118.71,922.241,16425818
70,0.246758,0.113126,0.0652344,2109.16,1176.59,980.235,17192586
72,0.50099,0.0937997,0.0536458,1718.7,894.526,774.619,13914387
73,0.370651,0.104188,0.0761719,1877.01,963.104,838.136,15278203
74,0.35375,0.0975239,0.0924479,1964.62,1027.03,896.44,15977454
75,0.257643,0.104186,0.110417,2121.6,1090.48,949.941,17311307
76,0.336992,0.101883,0.117448,2136.03,1101.47,958.164,17374662
77,0.307344,0.0994097,0.108333,2068.76,1083.55,942.141,16824444
78,0.425365,0.0960133,0.0959635,1897.91,970.287,841.664,15399839
79,0.347878,0.0952601,0.109115,2035.21,1083.25,934.464,16517492
80,0.251341,0.097151,0.141536,2416.44,1261.69,1100.83,19625182
81,0.3453,0.0910422,0.121745,2025.35,1063.86,927.381,16442013
82,0.477357,0.0862231,0.122526,1992.17,1042.55,907.709,16139434
83,0.467187,0.0879377,0.114714,1940.6,1037.31,893.436,15715810
84,0.291016,0.102038,0.162109,2283.13,1184.69,1030.81,18606415
85,0.462175,0.0886781,0.128125,2049.28,1083.26,940.858,16604550
86,0.278841,0.0895548,0.188672,2633.33,1374.92,1197.55,21347413
87,0.333984,0.0932815,0.159245,2254.7,1203.92,1032.64,18309106
88,0.505859,0.089972,0.120833,1879.85,978.091,843.178,15238144
89,0.357617,0.0918183,0.169531,2305.48,1229.92,1056.28,18709448
90,0.380964,0.0881353,0.160026,2289.73,1210.24,1051.36,18546746
91,0.383255,0.0949929,0.137891,2074.75,1087.86,942.485,16830684
92,0.403021,0.0958965,0.149089,1987.95,1057.43,916.408,16177788
93,0.447279,0.0848267,0.154557,2184.23,1152.65,998.804,17674916
94,0.397005,0.0886138,0.173177,2189.81,1167.13,1012.22,17783270
95,0.432813,0.0864733,0.148828,2103.98,1101.13,952.727,17032342
96,0.45,0.0884415,0.153255,2150.78,1143.31,987.057,17409829
97,0.484375,0.0815376,0.147786,2121.05,1113.31,955.019,17137834
98,0.28457,0.0947878,0.189453,2355.21,1255.62,1090.52,19137684
99,0.441836,0.081388,0.183724,2417.85,1282.12,1111.43,19544800
100,0.54625,0.0761533,0.135807,2114.28,1138.38,972.042,17041354
101,0.437109,0.0898718,0.160677,2157.96,1134.88,977.746,17495512
102,0.325391,0.0855199,0.207682,2682.52,1412.39,1219.35,21690427
103,0.444414,0.0907412,0.157552,2010.96,1074.26,924.012,16330025
104,0.520039,0.0749038,0.147917,2240.77,1192.98,1024.38,18035426
105,0.544245,0.0801247,0.135937,1994.31,1071.15,917.094,16109389
106,0.547253,0.0842827,0.119661,1794.4,957.462,815.111,14517666
107,0.607122,0.0793783,0.117969,1809.2,970.9,829.442,14597903
108,0.351029,0.0903056,0.208333,2510.58,1322.24,1139.69,20356513
109,0.327539,0.0878689,0.220703,2580.87,1395.93,1195.25,20932136
110,0.348594,0.0824566,0.217708,2731.9,1448.69,1248.45,22070895
111,0.505859,0.0785529,0.157682,2170.88,1174.78,1003.8,17517869
112,0.660547,0.0710372,0.112109,1852.57,988.827,831.195,14904235
113,0.371081,0.0969828,0.19375,2247.89,1219.98,1040.42,18275466
114,0.609128,0.0788907,0.126563,1844.81,982.638,832.878,14897117
115,0.495833,0.0882642,0.158724,2017.58,1095.06,927.89,16358323
116,0.375521,0.079636,0.210547,2585.97,1399.76,1189.87,20899760
117,0.510156,0.074958,0.170312,2255,1228.37,1048.87,18203548
118,0.561719,0.0745852,0.145443,2000.78,1093.27,922.766,16162795
119,0.401302,0.0804327,0.185286,2316.46,1262.11,1076.08,18761300
120,0.654531,0.0676056,0.10651,1669.29,900.873,755.288,13462948
121,0.453151,0.0685475,0.186198,2416.73,1297.25,1102.52,19498765
122,0.411328,0.0657439,0.207161,2570.87,1377.41,1176.54,20763642
123,0.426797,0.071292,0.194401,2357.11,1286.29,1090.64,19091759
124,0.507292,0.0655754,0.166146,2142.55,1169.64,992.35,17320520
125,0.360052,0.061583,0.225911,2655.26,1437.47,1222.17,21462336
126,0.423932,0.0603229,0.198828,2499.48,1357.95,1159.42,20184470
127,0.688763,0.0529108,0.107552,1744.8,954.699,789.004,14036207
128,0.317943,0.0562364,0.24401,2873.59,1553.45,1321.58,23205496
129,0.526484,0.0640046,0.149479,1926.75,1055.39,889.636,15607872
130,0.612422,0.0542484,0.117448,1808.35,992.921,830.77,14573639
131,0.289154,0.0483489,0.264974,3183.89,1721.23,1465.59,25653343
132,0.450286,0.0518823,0.194661,2409.81,1322.79,1107.32,19463735
133,0.389844,0.0562375,0.211458,2456.2,1354.73,1142.69,19897983
134,0.460312,0.0469028,0.197786,2505.24,1355.62,1143.3,20203984
135,0.358047,0.0484133,0.232031,2765.36,1524.07,1279.93,22321509
136,0.478216,0.0563452,0.179948,2177.81,1202.85,1009.98,17639092
137,0.464753,0.0515455,0.195443,2446.14,1351.88,1133.62,19737154
138,0.44957,0.0575183,0.194271,2340.23,1293.68,1082.73,18922137
139,0.291445,0.0641291,0.243099,2631.19,1448.4,1216.54,21344968
140,0.3125,0.056998,0.245573,2733.5,1521.64,1271.01,22136317
141,0.368359,0.0544298,0.224089,2658.43,1466.84,1228.34,21474666
142,0.495547,0.0376375,0.18125,2369.69,1296.34,1078.75,19089499
143,0.320664,0.0392366,0.241276,2700.92,1506.22,1259.63,21868436
144,0.42207,0.0287148,0.203385,2427.76,1354.39,1114.25,19624133
145,0.45,0.0307506,0.199609,2438.37,1361.19,1135.06,19689719
146,0.375091,0.0329837,0.233203,2937.63,1613.85,1346.44,23630354
147,0.310065,0.0344213,0.248698,2970.84,1649.53,1358.13,23953509
148,0.459596,0.0275216,0.198698,2543.02,1434.08,1182.46,20468108
149,0.406745,0.0291618,0.220573,2769.91,1535.3,1268.44,22304772
150,0.416771,0.0296862,0.211979,2659.27,1483.26,1233.89,21419877
151,0.402734,0.0287613,0.221615,2731.24,1540.78,1259.9,22007682
152,0.430951,0.0276291,0.210156,2753.85,1530.27,1270.67,22130319
153,0.319948,0.0272992,0.253776,3018.95,1690.93,1396.5,24326481
154,0.347448,0.0278287,0.23737,2828.05,1591.53,1301.57,22811105
155,0.360339,0.0263861,0.23763,2912.35,1621.02,1338.04,23456213
156,0.291875,0.028383,0.257292,3154.69,1782.31,1460.18,25388973
157,0.479219,0.0275257,0.19362,2604.3,1454.07,1199.71,20926235
158,0.462891,0.0272091,0.200781,2738.43,1538.35,1257.48,21974389
159,0.379245,0.035161,0.224609,2711.7,1520.25,1248.83,21877521
160,0.185742,0.0394384,0.301693,3599.25,1998.68,1657.06,28958697
161,0.488099,0.038531,0.189844,2574.92,1457.11,1186.53,20679250
162,0.149648,0.030072,0.317969,3727.51,2098.86,1728.22,29995664
163,0.452578,0.0255252,0.203125,2697.61,1518.34,1241.02,21677603
164,0.327109,0.0608802,0.254036,3195.36,1807.5,1479.74,25674180
165,0.291016,0.0830181,0.265234,3253.44,1840.1,1491.71,26158115
166,0.438112,0.0732049,0.211198,2803.05,1593.21,1282.67,22505623
167,0.218542,0.0749272,0.289844,3525.29,1987.4,1622.31,28342833
168,0.40474,0.0837783,0.220052,2821.38,1601.62,1296.24,22687877
169,0.261367,0.0726105,0.277474,3485.04,2010.36,1606.07,27982972
170,0.339714,0.0483237,0.248307,3155.72,1781.12,1444.19,25347803
171,0.216823,0.0471439,0.285026,3532.28,2014.74,1637.58,28379254
172,0.399297,0.0354987,0.227995,3021.17,1713.37,1385.57,24229878
173,0.353034,0.0338223,0.238281,3047.66,1795.13,1414.84,24487065
174,0.391419,0.0270916,0.224219,2942.59,1695.15,1354.22,23619498
175,0.480078,0.0264737,0.196615,2727.67,1582.84,1250.2,21862015
176,0.510156,0.0236289,0.18099,2517.64,1471.82,1157.3,20200524
177,0.326823,0.0221514,0.254948,3288.54,1902.23,1514.78,26384894
178,0.42207,0.0228487,0.216276,2898.96,1692.35,1343.1,23246546
179,0.361484,0.0197989,0.241927,3145.55,1794.42,1434.32,25241997
180,0.361055,0.0158136,0.243099,3208.49,1857.01,1473.58,25717611
181,0.62388,0.0159342,0.138932,2202.05,1298.68,1007.7,17610465
182,0.521901,0.016946,0.180469,2594.8,1544.89,1201.08,20774605
183,0.317943,0.0178344,0.255339,3182.2,1859.49,1477.68,25570247
184,0.260794,0.0155104,0.278125,3505.49,2050.41,1610.05,28121126
185,0.262656,0.0166452,0.277344,3479.62,2047.44,1599.97,27930942
186,0.474206,0.0160604,0.197656,2658.27,1591.16,1242.89,21329241
187,0.484661,0.0157609,0.191016,2615.83,1545.47,1195.55,20982723
188,0.414336,0.0139527,0.219271,2901.72,1715.81,1344.19,23277564
189,0.506862,0.0152716,0.184115,2633.58,1576.95,1204.96,21088010
190,0.345443,0.0174683,0.243099,3120.99,1854.5,1435.34,25051081
191,0.258073,0.017572,0.27526,3424.5,2021.84,1572.62,27501243
192,0.411328,0.0169738,0.215625,2780.93,1674.68,1291.72,22353311
193,0.38125,0.0152986,0.233073,2986.59,1794.11,1375.01,23984366
194,0.538372,0.0144332,0.172005,2481.11,1513.53,1142.32,19878406
195,0.305768,0.0136047,0.257682,3284.88,1960.04,1511,26367377
196,0.435247,0.0111995,0.209375,2796.24,1698.1,1289.66,22436169
197,0.279987,0.0126403,0.26888,3194.22,1934.92,1481.08,25712135
198,0.51345,0.0131796,0.179427,2470.08,1540.35,1135.65,19827558
199,0.457018,0.0128292,0.201953,2742.93,1675.08,1271.98,21996407
200,0.456732,0.0119102,0.203906,2799.36,1717.73,1285.93,22441963
201,0.457878,0.0104056,0.204297,2807.28,1745.55,1301.41,22493063
202,0.299466,0.0100388,0.260026,3231.47,1975.26,1497.13,25962607
203,0.46819,0.00871625,0.202865,2808.36,1732.35,1301.59,22497398
204,0.480078,0.00895902,0.194271,2673.67,1698.13,1245.27,21439976
205,0.372656,0.00892888,0.233333,3030.35,1894.63,1404.24,24328832
206,0.359766,0.00675963,0.247786,3283.42,2034.84,1509,26300768
207,0.346875,0.00768266,0.24401,3162.87,2004.78,1469.29,25373719
208,0.45,0.00841979,0.202734,2684.6,1693.96,1234.9,21558296
209,0.425221,0.00740712,0.217318,2958.25,1873.76,1350.8,23705708
210,0.415195,0.00829211,0.214974,2834.75,1831.27,1311.3,22754263
211,0.440833,0.00843515,0.205729,2688.61,1711.07,1247.44,21600178
212,0.456589,0.00756498,0.204427,2765.89,1784.73,1282.51,22180664
213,0.447708,0.00763928,0.205208,2798.96,1789.59,1271.84,22436938
214,0.385547,0.00749735,0.227734,3014.41,1917.83,1383.67,24175394
215,0.307774,0.00773635,0.25599,3261.98,2089.91,1509.62,26184188
216,0.246901,0.00719309,0.283984,3591.72,2293.09,1648.7,28811578
217,0.430091,0.00691708,0.216536,2904.24,1893.97,1340.38,23279567
218,0.475781,0.00754618,0.195703,2687.95,1813.18,1242,21551016
219,0.295313,0.00711545,0.265755,3405.96,2210.66,1577.56,27313303
220,0.273542,0.00725951,0.276432,3539.77,2368.46,1632.16,28381305
221,0.516888,0.00732794,0.182812,2604.49,1774.66,1205.04,20858148
222,0.410898,0.00718975,0.221224,2958.72,1994.21,1363.64,23725451
223,0.468906,0.00700855,0.199219,2790.5,1875.46,1271.78,22347429
224,0.213242,0.00693162,0.296224,3768.21,2539.56,1740.24,30216481
225,0.369648,0.00699051,0.238151,3137.5,2174.86,1440.86,25154181
226,0.219401,0.00627272,0.298958,3863.86,2661.57,1789.22,30946170
227,0.395143,0.00695454,0.228646,3121.3,2182.4,1439.68,24992737
228,0.237018,0.00690297,0.286719,3667.17,2557.28,1688.49,29399879
229,0.514453,0.00787118,0.180208,2577.37,1842.69,1191.33,20643888
230,0.261081,0.00744479,0.27513,3449.86,2501.5,1601.81,27688762
231,0.235013,0.00636352,0.289974,3686.95,2643.46,1697.86,29555464
232,0.397578,0.00637259,0.228646,3078.52,2262.91,1427.6,24658673
233,0.346016,0.00792641,0.239583,3061.71,2266.83,1409.67,24586511
234,0.374375,0.00708571,0.235026,3084.72,2315.03,1420.12,24735495
235,0.441406,0.00726119,0.208984,2830.64,2165.07,1304.35,22686562
236,0.319375,0.00631693,0.260026,3410.48,2593.05,1568.21,27320285
237,0.24332,0.00685518,0.284505,3532.84,2732.76,1636.05,28356827
238,0.374805,0.00742857,0.233854,3059.71,2435.34,1404.38,24537441
239,0.368789,0.0068744,0.23776,3160.82,2454.45,1449.82,25324097
240,0.346445,0.00658673,0.246224,3283.5,2714.88,1506.69,26296978
241,0.364063,0.00706312,0.242057,3145.83,2593.62,1450.51,25231984
242,0.306914,0.0071357,0.257943,3415.07,2893.56,1570.81,27351845
243,0.502135,0.00846115,0.182552,2534.83,2221.35,1159.07,20324658
244,0.244466,0.00643483,0.288281,3747.75,3290.07,1728.32,30008807
245,0.232435,0.00641958,0.291406,3711.61,3260.81,1715.41,29750396
246,0.225274,0.00698017,0.291406,3677.64,3303.22,1671.82,29488710
247,0.277839,0.00712751,0.271354,3443.3,3243.61,1575.42,27620001
248,0.237591,0.00657322,0.288672,3718.01,3568.39,1714.44,29784804
249,0.297175,0.00715455,0.264583,3453.02,3537.41,1595.46,27671041
250,0.2628,0.00738633,0.280599,3582.23,3651.15,1648.59,28719744
