step,score,read_experience_seconds,train_step_seconds,update_actor_seconds,tokens
1,-0.0935547,386.216,464.36,333.92,10772113
2,-0.0945573,314.884,449.33,315.688,10974210
3,-0.098138,3.55737,526.763,369.424,12770780
4,-0.0932682,55.0689,519.025,370.025,12905987
5,-0.0967058,3.66431,896.275,667.963,22156653
6,-0.0905469,3.44015,701.567,509.214,17090964
7,-0.0921224,3.21026,490.775,350.44,11474505
8,-0.0646224,3.8053,447.128,324.334,11119247
9,-0.08625,2.96054,430.676,316.498,11221028
10,-0.0581771,2.8054,421.058,315.585,11364940
11,-0.084961,3.4869,423.095,316.856,11341138
12,-0.0365495,3.17056,415.168,313.124,11191012
13,-0.0378386,3.1202,406.408,305.313,10889190
14,-0.0107682,3.94588,428.056,304.943,10892823
15,-0.0551693,3.09497,449.782,333.207,11009443
16,-0.0470052,3.89135,424.179,306.969,10913416
17,-0.0378386,3.22572,447.892,324.967,10790181
18,-0.0461458,3.70119,458.168,328.629,10866930
19,-0.043711,3.31148,420.809,299.59,10714188
20,0.0115755,3.77586,437.404,305.594,10816459
21,0.0397917,3.52077,419.992,311.009,10676853
22,0.0675781,3.47555,406.595,290.584,10374232
23,-0.0180729,3.44356,419.425,302.49,10535546
24,0.0558333,2.61425,430.657,312.428,10376179
25,0.0764583,3.9675,428.622,308.047,10584937
26,0.116563,4.19364,397.782,290.011,10127562
27,-0.00131511,4.14811,445.281,317.496,10610529
28,0.149792,3.78808,406.74,286.573,10190132
29,0.0980859,2.76092,407.116,293.664,10555922
30,0.177005,4.53621,437.818,308.526,10523205
31,0.146211,4.22244,408.275,289.208,10282984
32,0.310208,4.52371,439.251,319.228,10074248
33,0.0917839,4.98434,403.765,286.825,10000154
34,0.195625,3.97224,389.336,282.379,9996813
35,0.147214,4.04784,419.286,309.131,10117687
36,0.283281,4.23626,387.108,276.361,9585493
37,0.250339,4.1576,371.818,274.236,9761807
38,0.269674,4.304,389.085,280.638,9928039
39,0.399297,4.24282,378.135,267.773,9533703
40,0.252487,4.38123,441.528,313.616,10510814
41,0.118138,4.8597,422.469,306.228,10726704
42,0.227995,4.34231,432.749,312.269,10492022
43,0.343008,4.22957,386.966,272.029,9520183
44,0.350026,4.5723,415.982,297.706,9925836
45,0.451146,4.52297,370.29,266.268,9458104
46,0.531641,4.1579,365.406,261.515,9350234
47,0.411328,2.3693,381.738,275.564,9215830
48,0.424076,4.5697,369.491,263.437,9206270
49,0.402878,4.23636,370.205,265.719,9360161
50,0.50457,4.58878,382.874,269.557,9515491
51,0.515169,2.43906,372.627,265.559,9287506
52,0.31737,2.59961,394.129,276.464,9522784
53,0.505859,2.42557,358.064,251.982,8995918
54,0.590365,2.55639,359.374,251.072,8791147
55,0.491536,4.33913,351.993,250.633,8885023
56,0.56888,4.68916,351.994,254.885,8876225
57,0.467331,4.76863,356.953,258.151,9132208
58,0.630325,2.64465,331.871,239.891,8580539
59,0.557422,2.95072,364.883,265.984,8898394
60,0.52405,4.78036,370.839,266.041,9070748
61,0.509154,4.98171,353.651,249.672,8913960
62,0.585495,3.1747,334.419,238.279,8491206
63,0.590794,2.5082,367.337,253.955,8518396
64,0.643359,4.80179,365.908,265.234,8857827
65,0.558281,4.3056,366.223,257.953,9209036
66,0.599674,2.43503,375.34,277.702,9176977
67,0.598958,2.70795,366.964,263.237,9061751
68,0.746484,4.51963,332.219,229.717,8182748
69,0.686328,4.48098,359.72,254.171,8371704
70,0.548828,4.32496,376.823,276.594,9342027
71,0.547826,2.55072,426.884,302.916,9198976
72,0.669857,2.57403,383.296,269.322,8652543
73,0.718984,4.37889,329.999,233.907,7951016
74,0.666849,4.66465,357.488,250.447,8407151
75,0.763672,2.46697,363.697,253.291,8354583
76,0.673437,2.43633,347.855,239.111,8414486
77,0.626172,4.42243,382.362,277.052,8971887
78,0.694922,4.45455,337.994,240.11,8591618
79,0.720703,2.45661,349.88,246.797,8542937
80,0.905469,2.50888,326.054,232.277,8042602
81,0.693633,4.55594,372.619,261.069,8546108
82,0.61457,4.0837,389.114,277.568,9067492
83,0.621732,2.55733,380.985,265.965,8692256
84,0.72944,2.47886,356.038,253.041,8688495
85,0.716406,2.69645,355.378,258.153,8515159
86,0.836719,4.31978,324.374,226.108,8007299
87,0.785156,4.32951,362.737,254.813,8216059
88,0.798047,2.61305,365.636,256.009,8411099
89,0.630469,2.50635,381.63,275.006,8889326
90,0.776563,4.67395,355.172,252.151,8376627
91,0.750781,2.41901,333.334,238.822,8520508
92,0.750781,4.12357,338.317,232.037,8190581
93,0.651953,4.30254,347.904,250.345,8886019
94,0.845312,4.61631,344.587,247.703,8276197
95,0.716406,2.48373,346.042,251.644,8951240
96,0.763672,2.50011,320.183,237.015,8523621
97,0.727005,4.31944,335.459,248.61,8979748
98,0.74849,4.49834,336.179,247.329,8781962
99,0.716693,4.52564,338.854,247.958,8832033
100,0.767969,2.67847,320.982,238.978,8443559
101,0.794466,4.22185,288.406,214.055,7710362
102,0.748919,4.39298,309.912,231.56,8317112
103,0.59724,4.2626,342.072,254.236,9116929
104,0.832422,2.62026,316.518,232.984,8306475
105,0.798047,2.54948,318.676,235.426,8356168
106,0.712109,2.64198,332.294,245.271,8812653
107,0.800482,2.4032,318.733,235.237,8388967
108,0.763672,2.51774,323.39,239.514,8537857
109,0.567878,2.64748,352.225,260.971,9195593
110,0.772266,4.28406,340.589,252.941,8859573
111,0.866797,4.24461,321.454,236.229,8321991
112,0.8075,2.4198,347.96,256.403,8982376
113,0.797188,2.66436,353.357,257.464,9041768
114,0.561719,2.60449,373.735,278.001,9763476
115,0.935547,4.3169,312.628,220.712,7694075
116,0.637487,4.17811,389.222,270.762,9483104
117,0.464036,2.74757,472.914,332.397,10997741
118,0.592227,2.44448,351.895,249.505,8648816
119,0.535937,3.98997,474.742,336.067,11157979
120,0.430807,4.51347,428.108,304.499,10499558
121,0.439115,2.5661,386.57,271.098,9549035
122,0.746484,3.80183,419.058,301.137,9731027
123,0.394141,4.30805,419.519,295.991,10305527
124,0.338138,2.54395,423.228,302.074,9911405
125,0.256784,4.09553,619.048,463.539,15791558
126,0.291445,4.19777,593.188,449.732,15241953
127,0.509727,4.08506,397.409,296.652,10358686
128,0.302044,4.10694,437.116,324.643,11291569
129,0.434675,4.40283,560.141,424.707,14313858
130,0.32224,3.95805,621.972,473.305,16097974
131,0.240313,4.16706,552.871,416.826,14181146
132,0.311068,2.6101,550.142,416.169,14203895
133,0.30763,2.82187,556.814,418.569,14149832
